"1","https://mirrors.lolinet.com/firmware/gsi/arm32/MIUI-AB-9-20190816-ErfanGSI.img.7z"
"2","https://mirrors.lolinet.com/firmware/gsi/arm32/MIUI-Aonly-9-20190816-ErfanGSI.img.7z"
"3","https://mirrors.lolinet.com/firmware/gsi/CandyRom/CandyRom-AB-9-20190901-ErfanGSI.img.7z"
"4","https://mirrors.lolinet.com/firmware/gsi/CandyRom/CandyRom-Aonly-9-20190901-ErfanGSI.img.7z"
"5","https://mirrors.lolinet.com/firmware/gsi/Flyme/Flyme-AB-9-20190702-ErfanGSI.img.7z"
"6","https://mirrors.lolinet.com/firmware/gsi/Flyme/Flyme-Aonly-9-20190702-ErfanGSI.img.7z"
"7","https://mirrors.lolinet.com/firmware/gsi/Generic/Generic-AB-10-20191211-ErfanGSI.img-2345.7z"
"8","https://mirrors.lolinet.com/firmware/gsi/Generic/Generic-AB-11-20200711-ErfanGSI.img-0453.7z"
"9","https://mirrors.lolinet.com/firmware/gsi/Generic/Generic-AB-11-20200711-ErfanGSI.img-0459.7z"
"10","https://mirrors.lolinet.com/firmware/gsi/Generic/Generic-AB-11-20200807-ErfanGSI.img-0258.7z"
"11","https://mirrors.lolinet.com/firmware/gsi/Generic/Generic-Aonly-10-20191211-ErfanGSI.img-2345.7z"
"12","https://mirrors.lolinet.com/firmware/gsi/HydrogenOS/HydrogenOS-AB-10-20191102-ErfanGSI.img-2317.7z"
"13","https://mirrors.lolinet.com/firmware/gsi/HydrogenOS/HydrogenOS-AB-9-20190614-ErfanGSI.img.7z"
"14","https://mirrors.lolinet.com/firmware/gsi/HydrogenOS/HydrogenOS-Aonly-10-20191102-ErfanGSI.img-2317.7z"
"15","https://mirrors.lolinet.com/firmware/gsi/HydrogenOS/HydrogenOS-Aonly-9-20190614-ErfanGSI.img.7z"
"16","https://mirrors.lolinet.com/firmware/gsi/MIUI/MIUI-AB-10-20190828-ErfanGSI.img.7z"
"17","https://mirrors.lolinet.com/firmware/gsi/MIUI/MIUI-AB-10-20190904-ErfanGSI.img.7z"
"18","https://mirrors.lolinet.com/firmware/gsi/MIUI/MIUI-AB-9-20190827-ErfanGSI.img.7z"
"19","https://mirrors.lolinet.com/firmware/gsi/MIUI/MIUI-Aonly-10-20190828-ErfanGSI.img.7z"
"20","https://mirrors.lolinet.com/firmware/gsi/MIUI/MIUI-Aonly-10-20190904-ErfanGSI.img.7z"
"21","https://mirrors.lolinet.com/firmware/gsi/MIUI/MIUI-Aonly-9-20190827-ErfanGSI.img.7z"
"22","https://mirrors.lolinet.com/firmware/gsi/Nubia/Nubia-AB-9-20190605-ErfanGSI.img.7z"
"23","https://mirrors.lolinet.com/firmware/gsi/Nubia/Nubia-Aonly-9-20190605-ErfanGSI.img.7z"
"24","https://mirrors.lolinet.com/firmware/gsi/OneUI/OneUI-AB-9-20190602-ErfanGSI.img.7z"
"25","https://mirrors.lolinet.com/firmware/gsi/OneUI/OneUI-Aonly-9-20190602-ErfanGSI.img.7z"
"26","https://mirrors.lolinet.com/firmware/gsi/OxygenOS/OxygenOS-AB-10-20190903-ErfanGSI.img.7z"
"27","https://mirrors.lolinet.com/firmware/gsi/OxygenOS/OxygenOS-AB-10-20191007-ErfanGSI.img.7z"
"28","https://mirrors.lolinet.com/firmware/gsi/OxygenOS/OxygenOS-AB-10-20191031-ErfanGSI.img-2115.7z"
"29","https://mirrors.lolinet.com/firmware/gsi/OxygenOS/OxygenOS-AB-10-20191102-ErfanGSI.img-2325.7z"
"30","https://mirrors.lolinet.com/firmware/gsi/OxygenOS/OxygenOS-AB-9-20190826-ErfanGSI.img.7z"
"31","https://mirrors.lolinet.com/firmware/gsi/OxygenOS/OxygenOS-AB-9-20190930-ErfanGSI.img.7z"
"32","https://mirrors.lolinet.com/firmware/gsi/OxygenOS/OxygenOS-AB-9-20191031-ErfanGSI.img-2108.7z"
"33","https://mirrors.lolinet.com/firmware/gsi/OxygenOS/OxygenOS-Aonly-10-20190903-ErfanGSI.img.7z"
"34","https://mirrors.lolinet.com/firmware/gsi/OxygenOS/OxygenOS-Aonly-10-20191007-ErfanGSI.img.7z"
"35","https://mirrors.lolinet.com/firmware/gsi/OxygenOS/OxygenOS-Aonly-10-20191031-ErfanGSI.img-2115.7z"
"36","https://mirrors.lolinet.com/firmware/gsi/OxygenOS/OxygenOS-Aonly-10-20191102-ErfanGSI.img-2325.7z"
"37","https://mirrors.lolinet.com/firmware/gsi/OxygenOS/OxygenOS-Aonly-9-20190826-ErfanGSI.img.7z"
"38","https://mirrors.lolinet.com/firmware/gsi/OxygenOS/OxygenOS-Aonly-9-20190930-ErfanGSI.img.7z"
"39","https://mirrors.lolinet.com/firmware/gsi/OxygenOS/OxygenOS-Aonly-9-20191031-ErfanGSI.img-2108.7z"
"40","https://mirrors.lolinet.com/firmware/gsi/Pixel/Pixel-AB-10-20191107-ErfanGSI.img-0539.7z"
"41","https://mirrors.lolinet.com/firmware/gsi/Pixel/Pixel-AB-11-20200709-ErfanGSI.img-0455.7z"
"42","https://mirrors.lolinet.com/firmware/gsi/Pixel/Pixel-AB-11-20200807-ErfanGSI.img-0152.7z"
"43","https://mirrors.lolinet.com/firmware/gsi/Pixel/Pixel-AB-11-20200909-ErfanGSI.img-0125.7z"
"44","https://mirrors.lolinet.com/firmware/gsi/Pixel/Pixel-AB-S-20210307-ErfanGSI.img-1354.7z"
"45","https://mirrors.lolinet.com/firmware/gsi/Pixel/Pixel-AB-S-20210307-ErfanGSI.img-2035.7z"
"46","https://mirrors.lolinet.com/firmware/gsi/Pixel/Pixel-AB-S-20210308-ErfanGSI.img-2131.7z"
"47","https://mirrors.lolinet.com/firmware/gsi/Pixel/Pixel-AB-S-20210318-ErfanGSI.img-0247.7z"
"48","https://mirrors.lolinet.com/firmware/gsi/Pixel/Pixel-Aonly-10-20191107-ErfanGSI.img-0539.7z"
"49","https://mirrors.lolinet.com/firmware/gsi/POSP/POSP-AB-9-20191126-ErfanGSI.img-0101.7z"
"50","https://mirrors.lolinet.com/firmware/gsi/POSP/POSP-Aonly-9-20191126-ErfanGSI.img-0101.7z"
"51","https://mirrors.lolinet.com/firmware/gsi/Xperia/Xperia-AB-9-20190821-ErfanGSI.img.7z"
"52","https://mirrors.lolinet.com/firmware/gsi/Xperia/Xperia-Aonly-9-20190821-ErfanGSI.img.7z"
"53","https://mirrors.lolinet.com/firmware/gsi/ZenUI/ZenUI-AB-9-20190719-ErfanGSI.img.7z"
"54","https://mirrors.lolinet.com/firmware/gsi/ZenUI/ZenUI-Aonly-9-20190719-ErfanGSI.img.7z"
"55","https://mirrors.lolinet.com/firmware/gsi/ZUI/ZUI-AB-9-20190617-ErfanGSI.img.7z"
"56","https://mirrors.lolinet.com/firmware/gsi/ZUI/ZUI-AB-9-20191106-ErfanGSI.img-1547.7z"
"57","https://mirrors.lolinet.com/firmware/gsi/ZUI/ZUI-Aonly-9-20190617-ErfanGSI.img.7z"
"58","https://mirrors.lolinet.com/firmware/gsi/ZUI/ZUI-Aonly-9-20191106-ErfanGSI.img-1547.7z"
"59","https://mirrors.lolinet.com/firmware/halium/beryllium/beryllium_Kernel_4.4-20200620-1644.zip"
"60","https://mirrors.lolinet.com/firmware/halium/davinci/halium-boot.img"
"61","https://mirrors.lolinet.com/firmware/halium/enchilada/dtbo.img"
"62","https://mirrors.lolinet.com/firmware/halium/enchilada/halium-boot.img"
"63","https://mirrors.lolinet.com/firmware/halium/fajita/dtbo.img"
"64","https://mirrors.lolinet.com/firmware/halium/fajita/halium-boot.img"
"65","https://mirrors.lolinet.com/firmware/halium/ginkgo/ginkgo-postinstaller.zip"
"66","https://mirrors.lolinet.com/firmware/halium/ginkgo/ginkgo_Kernel_4.14-20201015-0455.zip"
"67","https://mirrors.lolinet.com/firmware/halium/griffin/griffin-camera.zip"
"68","https://mirrors.lolinet.com/firmware/halium/griffin/griffin_Kernel_3.18-20200613-1429.zip"
"69","https://mirrors.lolinet.com/firmware/halium/GSI/tools/apparmor_disabler.zip"
"70","https://mirrors.lolinet.com/firmware/halium/GSI/tools/apparmor_enabler.zip"
"71","https://mirrors.lolinet.com/firmware/halium/GSI/tools/Halium-boot_no_console_patch.zip"
"72","https://mirrors.lolinet.com/firmware/halium/GSI/tools/halium-ramdisk.zip"
"73","https://mirrors.lolinet.com/firmware/halium/GSI/tools/samsung-usb-tethering.zip"
"74","https://mirrors.lolinet.com/firmware/halium/GSI/ubports_GSI_installer_v1.zip"
"75","https://mirrors.lolinet.com/firmware/halium/GSI/ubports_GSI_installer_v10.zip"
"76","https://mirrors.lolinet.com/firmware/halium/GSI/ubports_GSI_installer_v2.zip"
"77","https://mirrors.lolinet.com/firmware/halium/GSI/ubports_GSI_installer_v3.zip"
"78","https://mirrors.lolinet.com/firmware/halium/GSI/ubports_GSI_installer_v4.zip"
"79","https://mirrors.lolinet.com/firmware/halium/GSI/ubports_GSI_installer_v5.zip"
"80","https://mirrors.lolinet.com/firmware/halium/GSI/ubports_GSI_installer_v6.zip"
"81","https://mirrors.lolinet.com/firmware/halium/GSI/ubports_GSI_installer_v7.zip"
"82","https://mirrors.lolinet.com/firmware/halium/GSI/ubports_GSI_installer_v8.zip"
"83","https://mirrors.lolinet.com/firmware/halium/GSI/ubports_GSI_installer_v9.zip"
"84","https://mirrors.lolinet.com/firmware/halium/guacamole/halium-boot.img"
"85","https://mirrors.lolinet.com/firmware/halium/halium_arm64/system.img"
"86","https://mirrors.lolinet.com/firmware/halium/hybris-mobian/GSI/hybris-mobian_GSI_installer_v0.1.zip"
"87","https://mirrors.lolinet.com/firmware/halium/hybris-mobian/GSI/hybris-mobian_GSI_installer_v0.2.zip"
"88","https://mirrors.lolinet.com/firmware/halium/hybris-mobian/rootfs/rootfs-mobian-arm64-android9-generic-20200930.tar.gz"
"89","https://mirrors.lolinet.com/firmware/halium/hybris-mobian/rootfs/rootfs-mobian-arm64-android9-generic-20201001.tar.gz"
"90","https://mirrors.lolinet.com/firmware/halium/j6lte/j6lte_Kernel_3.18-20201013-0540.zip"
"91","https://mirrors.lolinet.com/firmware/halium/lavender/dtbo.img"
"92","https://mirrors.lolinet.com/firmware/halium/lavender/halium-boot.img"
"93","https://mirrors.lolinet.com/firmware/halium/nash/halium-boot.img"
"94","https://mirrors.lolinet.com/firmware/halium/ocean/halium-boot.img"
"95","https://mirrors.lolinet.com/firmware/halium/oneplus3/halium-boot.img"
"96","https://mirrors.lolinet.com/firmware/halium/payton/payton_Kernel_4.4-20200617-2118.zip"
"97","https://mirrors.lolinet.com/firmware/halium/river/halium-boot.img"
"98","https://mirrors.lolinet.com/firmware/halium/river/river-firmwares.zip"
"99","https://mirrors.lolinet.com/firmware/halium/star2lte/halium-boot.img"
"100","https://mirrors.lolinet.com/firmware/halium/starlte/halium-boot.img"
"101","https://mirrors.lolinet.com/firmware/halium/starlte/starlte-firmwares.zip"
"102","https://mirrors.lolinet.com/firmware/halium/starlte/vendor.img"
"103","https://mirrors.lolinet.com/firmware/halium/ubport/packages/hfd-service/hfd-service-tools_0.1.0_armhf.deb"
"104","https://mirrors.lolinet.com/firmware/halium/ubport/packages/hfd-service/hfd-service-tools_0.1.1_arm64.deb"
"105","https://mirrors.lolinet.com/firmware/halium/ubport/packages/hfd-service/hfd-service-tools_0.1.1_armhf.deb"
"106","https://mirrors.lolinet.com/firmware/halium/ubport/packages/hfd-service/hfd-service_0.1.0_armhf.deb"
"107","https://mirrors.lolinet.com/firmware/halium/ubport/packages/hfd-service/hfd-service_0.1.1_arm64.deb"
"108","https://mirrors.lolinet.com/firmware/halium/ubport/packages/hfd-service/hfd-service_0.1.1_armhf.deb"
"109","https://mirrors.lolinet.com/firmware/halium/ubport/packages/hfd-service/libqt5feedback5-hfd_0.1.0_armhf.deb"
"110","https://mirrors.lolinet.com/firmware/halium/ubport/packages/hfd-service/libqt5feedback5-hfd_0.1.1_arm64.deb"
"111","https://mirrors.lolinet.com/firmware/halium/ubport/packages/hfd-service/libqt5feedback5-hfd_0.1.1_armhf.deb"
"112","https://mirrors.lolinet.com/firmware/halium/ubport/packages/hfd-service/qml-module-hfd_0.1.0_armhf.deb"
"113","https://mirrors.lolinet.com/firmware/halium/ubport/packages/hfd-service/qml-module-hfd_0.1.1_arm64.deb"
"114","https://mirrors.lolinet.com/firmware/halium/ubport/packages/hfd-service/qml-module-hfd_0.1.1_armhf.deb"
"115","https://mirrors.lolinet.com/firmware/halium/ubport/packages/overlay-reader/getoverlay_0.1.0_arm64.deb"
"116","https://mirrors.lolinet.com/firmware/halium/ubport/packages/overlay-reader/getoverlay_0.1.0_armhf.deb"
"117","https://mirrors.lolinet.com/firmware/halium/ubport/packages/overlay-reader/liboverlay-reader-dev_0.1.0_arm64.deb"
"118","https://mirrors.lolinet.com/firmware/halium/ubport/packages/overlay-reader/liboverlay-reader-dev_0.1.0_armhf.deb"
"119","https://mirrors.lolinet.com/firmware/halium/ubport/packages/overlay-reader/liboverlay-reader_0.1.0_arm64.deb"
"120","https://mirrors.lolinet.com/firmware/halium/ubport/packages/overlay-reader/liboverlay-reader_0.1.0_armhf.deb"
"121","https://mirrors.lolinet.com/firmware/halium/ubport/packages/repowerd/powerd_2018.04%2Bubports_all.deb"
"122","https://mirrors.lolinet.com/firmware/halium/ubport/packages/repowerd/powerd_2020.10%2Bubports_all.deb"
"123","https://mirrors.lolinet.com/firmware/halium/ubport/packages/repowerd/repowerd-data_2018.04%2Bubports_all.deb"
"124","https://mirrors.lolinet.com/firmware/halium/ubport/packages/repowerd/repowerd-data_2020.10%2Bubports_all.deb"
"125","https://mirrors.lolinet.com/firmware/halium/ubport/packages/repowerd/repowerd-tools_2018.04%2Bubports_arm64.deb"
"126","https://mirrors.lolinet.com/firmware/halium/ubport/packages/repowerd/repowerd-tools_2018.04%2Bubports_armhf.deb"
"127","https://mirrors.lolinet.com/firmware/halium/ubport/packages/repowerd/repowerd-tools_2020.10%2Bubports_arm64.deb"
"128","https://mirrors.lolinet.com/firmware/halium/ubport/packages/repowerd/repowerd_2018.04%2Bubports_arm64.deb"
"129","https://mirrors.lolinet.com/firmware/halium/ubport/packages/repowerd/repowerd_2018.04%2Bubports_armhf.deb"
"130","https://mirrors.lolinet.com/firmware/halium/ubport/packages/repowerd/repowerd_2020.10%2Bubports_arm64.deb"
"131","https://mirrors.lolinet.com/firmware/halium/ubport/system.img"
"132","https://mirrors.lolinet.com/firmware/halium/ubport/ubuntu-touch-android9-arm64.tar.gz"
"133","https://mirrors.lolinet.com/firmware/halium/ubport/ubuntu-touch-android9-armhf.tar.gz"
"134","https://mirrors.lolinet.com/firmware/lenovo/Achilles6-NEC/LAVIETabE10FHD2_S200207_210514_BMAIN.zip"
"135","https://mirrors.lolinet.com/firmware/lenovo/brady/brady_oem_user_7.1.1_NMC26.48_48_release-keys_oem.zip"
"136","https://mirrors.lolinet.com/firmware/lenovo/brady/BRADY_OMC27.70-47_subsidy-UNLOCKED_model-INDIA16GB_CFC_SVC.xml.zip"
"137","https://mirrors.lolinet.com/firmware/lenovo/brady/BRADY_OMC27.70-52-1_subsidy-UNLOCKED_model-INDIA32GB_CFC_SVC.xml.zip"
"138","https://mirrors.lolinet.com/firmware/lenovo/brady/BRADY_OMC27.70-52-1_subsidy-UNLOCKED_model-INDIA32GB_CFC_SVC1.xml.zip"
"139","https://mirrors.lolinet.com/firmware/lenovo/D-42A/d-42A_S_S010019_2011121707_SM6125_4G_DCM_JP.zip"
"140","https://mirrors.lolinet.com/firmware/lenovo/D-42A/d-42A_S_S011002_2103191938_SM6125_4G_DCM_JP.zip"
"141","https://mirrors.lolinet.com/firmware/lenovo/D-42A/d-42A_S_S011038_2105200101_SM6125_4G_DCM_JP.zip"
"142","https://mirrors.lolinet.com/firmware/lenovo/D-42A/d-42A_S_S110017_2108170402_SM6125_4G_DCM_JP.zip"
"143","https://mirrors.lolinet.com/firmware/lenovo/l10041/flashtool/AK57_EraseFRP_V2.zip"
"144","https://mirrors.lolinet.com/firmware/lenovo/l10041/flashtool/SP_Flash_Tool_AK57_V1.zip"
"145","https://mirrors.lolinet.com/firmware/lenovo/l10041/flashtool/SP_Flash_Tool_exe_Windows_v5.1920.00.001_V2.zip"
"146","https://mirrors.lolinet.com/firmware/lenovo/l10041/official/L10041_ROW_SECURE_USER_M6750m_Q_DRV_11.5.263_ST_200824_SVC.zip"
"147","https://mirrors.lolinet.com/firmware/lenovo/l10041/official/L10041_ROW_SECURE_USER_M6750m_Q_DRV_11.5.263_ST_200824_SVC_V1.zip"
"148","https://mirrors.lolinet.com/firmware/lenovo/l10041/official/L10041_ROW_SECURE_USER_M6750m_Q_DRV_11.5.352_ST_201211_SVC.zip"
"149","https://mirrors.lolinet.com/firmware/lenovo/l18021/Lenovo_LenovoL18021_8.0.088.P1.180921.L8.ZN_LENOVO_L8_OE.CPB.zip"
"150","https://mirrors.lolinet.com/firmware/lenovo/l18021/Lenovo_LenovoL18021_8.0.136.P1.190621.L8.ZN_LENOVO_L8_OE.CPB.zip"
"151","https://mirrors.lolinet.com/firmware/lenovo/l18021/Lenovo_LenovoL18021_8.0.147.P1.191125.L8.ZN_LENOVO_L8_OE.CPB.zip"
"152","https://mirrors.lolinet.com/firmware/lenovo/l19111/L19111_CN_OPEN_USER_SC9863_P_DRV_11.0.081_DEV_200225.zip"
"153","https://mirrors.lolinet.com/firmware/lenovo/l19111/L19111_CN_OPEN_USER_SC9863_P_DRV_11.0.151_ST_200330.zip"
"154","https://mirrors.lolinet.com/firmware/lenovo/l19111/L19111_CN_OPEN_USER_SC9863_P_DRV_11.0.182_ST_200430.zip"
"155","https://mirrors.lolinet.com/firmware/lenovo/l19111/L19111_CN_OPEN_USER_SC9863_P_DRV_11.0.243_ST_200630.zip"
"156","https://mirrors.lolinet.com/firmware/lenovo/l19111/L19111_CN_OPEN_USER_SC9863_P_DRV_11.0.276_ST_200801.zip"
"157","https://mirrors.lolinet.com/firmware/lenovo/l19111/L19111_CN_OPEN_USER_SC9863_P_DRV_11.0.294_ST_200818.zip"
"158","https://mirrors.lolinet.com/firmware/lenovo/l19111/L19111_CN_OPEN_USER_SC9863_P_DRV_11.0.369_ST_201103.zip"
"159","https://mirrors.lolinet.com/firmware/lenovo/l19111/L19111_CN_OPEN_USER_SC9863_P_DRV_11.0.409_ST_210308.zip"
"160","https://mirrors.lolinet.com/firmware/lenovo/l38012/L38012_ROW_OPEN_USER_Q00018.0_O_ZUI_3.9.269_ST_180919_qpst.zip"
"161","https://mirrors.lolinet.com/firmware/lenovo/l38031/L38031_CN_OPEN_USER_M6762_O_MTK_3.9.188_ST_181011.zip"
"162","https://mirrors.lolinet.com/firmware/lenovo/l38041/L38041_CN_OPEN_USER_Q00020.0_O_ZUI_5.0.163_ST_181121_qpst.zip"
"163","https://mirrors.lolinet.com/firmware/lenovo/l38041/L38041_CN_OPEN_USER_Q00020.0_O_ZUI_5.0.188_ST_190222_qpst.zip"
"164","https://mirrors.lolinet.com/firmware/lenovo/l38043/L38043_ROW_OPEN_USER_M6762_O_MTK_S146_18I14_SVC.zip"
"165","https://mirrors.lolinet.com/firmware/lenovo/l38043/L38043_ROW_OPEN_USER_M6762_O_MTK_S254_19K12_FRP.zip"
"166","https://mirrors.lolinet.com/firmware/lenovo/l38043/L38043_ROW_OPEN_USER_M6762_O_MTK_S254_19K12_SVC.zip"
"167","https://mirrors.lolinet.com/firmware/lenovo/l38043/L38043_ROW_OPEN_USER_M6762_O_MTK_S256_19L03_FRP.zip"
"168","https://mirrors.lolinet.com/firmware/lenovo/l38111/L38111_CN_SECURE_USER_Q00013.0_Q_ZUI_11.5.117_ST_200331_qpst.zip"
"169","https://mirrors.lolinet.com/firmware/lenovo/l38111/L38111_CN_SECURE_USER_Q00013.0_Q_ZUI_11.5.160_ST_200513_qpst.zip"
"170","https://mirrors.lolinet.com/firmware/lenovo/l38111/L38111_CN_SECURE_USER_Q00024.0_P_ZUI_11.0.100_ST_190513_qpst.zip"
"171","https://mirrors.lolinet.com/firmware/lenovo/l38111/L38111_CN_SECURE_USER_Q00024.0_P_ZUI_11.1.021_ST_190629_qpst.zip"
"172","https://mirrors.lolinet.com/firmware/lenovo/l38111/L38111_CN_SECURE_USER_Q00024.0_P_ZUI_11.1.094_ST_191024_qpst.zip"
"173","https://mirrors.lolinet.com/firmware/lenovo/l38111/L38111_ROW_SECURE_USER_Q00024.0_P_ROW_11.0.092_ST_190719_qpst.zip"
"174","https://mirrors.lolinet.com/firmware/lenovo/l38111/L38111_ROW_SECURE_USER_Q00024.0_P_ROW_11.0.117_ST_190813_qpst.zip"
"175","https://mirrors.lolinet.com/firmware/lenovo/l38111/L38111_ROW_SECURE_USER_Q00024.0_P_ROW_11.0.224_ST_191126_qpst.zip"
"176","https://mirrors.lolinet.com/firmware/lenovo/l58041/L58041_CN_OPEN_USER_Q00024.0_O_ZUI_5.0.062_ST_180929_qpst.zip"
"177","https://mirrors.lolinet.com/firmware/lenovo/l58041/L58041_CN_OPEN_USER_Q00026.0_P_ZUI_11.1.099_ST_191008_qpst.zip"
"178","https://mirrors.lolinet.com/firmware/lenovo/l58091/L58091_CN_OPEN_USER_Q00024.0_O_ZUI_5.0.047_ST_181205_qpst.zip"
"179","https://mirrors.lolinet.com/firmware/lenovo/l58091/L58091_CN_OPEN_USER_Q00026.0_P_ZUI_11.1.077_ST_191008_qpst.zip"
"180","https://mirrors.lolinet.com/firmware/lenovo/l608/flashtool/SP_Flash_Tool_exe_Windows_v5.1928.01-V1.zip"
"181","https://mirrors.lolinet.com/firmware/lenovo/l608/flashtool/SP_Flash_Tool_exe_Windows_v5.1928.01.zip"
"182","https://mirrors.lolinet.com/firmware/lenovo/l608/Arizona-FRP-V1.zip"
"183","https://mirrors.lolinet.com/firmware/lenovo/l608/Arizona-FRP.zip"
"184","https://mirrors.lolinet.com/firmware/lenovo/l608/L608_LENOVO_Arizona_20190729_2354.zip"
"185","https://mirrors.lolinet.com/firmware/lenovo/l608/L608_LENOVO_Arizona_20191022_user.zip"
"186","https://mirrors.lolinet.com/firmware/lenovo/l608/L608_LENOVO_Arizona_20191202.zip"
"187","https://mirrors.lolinet.com/firmware/lenovo/l608/L608_LENOVO_Arizona_20200623_SVC.zip"
"188","https://mirrors.lolinet.com/firmware/lenovo/l608/L608_LENOVO_Arizona_20200909_SVC.zip"
"189","https://mirrors.lolinet.com/firmware/lenovo/l608/L608_LENOVO_Arizona_20201202_SVC.zip"
"190","https://mirrors.lolinet.com/firmware/lenovo/l70081/L70081_EE_SECURE_USER_Q00017.0_R_ROW_12.5.137_ST_210710_sec_qpst.zip"
"191","https://mirrors.lolinet.com/firmware/lenovo/l70081/L70081_EE_SECURE_USER_Q00028.1_R_ROW_12.5.102_ST_210426_sec_qpst.zip"
"192","https://mirrors.lolinet.com/firmware/lenovo/l70081/L70081_ROW_SECURE_USER_Q00017.0_R_ROW_12.5.062_ST_210413_sec_qpst.zip"
"193","https://mirrors.lolinet.com/firmware/lenovo/l70081/L70081_ROW_SECURE_USER_Q00017.0_R_ROW_12.5.090_ST_210511_sec_qpst.zip"
"194","https://mirrors.lolinet.com/firmware/lenovo/l70081/L70081_ROW_SECURE_USER_Q00017.0_R_ROW_12.5.170_ST_210803_sec_qpst.zip"
"195","https://mirrors.lolinet.com/firmware/lenovo/l70081/L70081_ROW_SECURE_USER_Q00017.0_R_ROW_12.5.188_ST_210819_qpst.zip"
"196","https://mirrors.lolinet.com/firmware/lenovo/l70121/L70121_ROW_SECURE_USER_Q00011.1_R_ZUI_14.0.413_ST_210324.zip"
"197","https://mirrors.lolinet.com/firmware/lenovo/l70121/L70121_ROW_SECURE_USER_Q00013.1_R_ZUI_14.0.615_ST_210601.zip"
"198","https://mirrors.lolinet.com/firmware/lenovo/l70121/L70121_UD_14.0.238_210412_SIGN_SMT.zip"
"199","https://mirrors.lolinet.com/firmware/lenovo/l70121/L70121_UD_14.0.296_210608_SIGN_SMT.zip"
"200","https://mirrors.lolinet.com/firmware/lenovo/l78011/L78011_CN_OPEN_USER_Q00016.0_O_ZUI_3.9.075_ST_180605_qpst.zip"
"201","https://mirrors.lolinet.com/firmware/lenovo/l78011/L78011_CN_OPEN_USER_Q00016.0_O_ZUI_4.0.474_ST_190118_qpst.zip"
"202","https://mirrors.lolinet.com/firmware/lenovo/l78011/L78011_CN_OPEN_USER_Q00025.0_P_ZUI_10.5.254_ST_190404_qpst.zip"
"203","https://mirrors.lolinet.com/firmware/lenovo/l78031/L78031_CN_SECURE_USER_Q00009.0_O_ZUI_10.0.293_ST_181116_qpst.zip"
"204","https://mirrors.lolinet.com/firmware/lenovo/l78031/L78031_CN_SECURE_USER_Q00009.0_O_ZUI_10.0.320_ST_181129_qpst.zip"
"205","https://mirrors.lolinet.com/firmware/lenovo/l78031/L78031_CN_SECURE_USER_Q00009.0_O_ZUI_10.0.342_ST_181228_qpst.zip"
"206","https://mirrors.lolinet.com/firmware/lenovo/l78031/L78031_CN_SECURE_USER_Q00009.0_O_ZUI_10.0.355_ST_190109_qpst.zip"
"207","https://mirrors.lolinet.com/firmware/lenovo/l78031/L78031_CN_SECURE_USER_Q00024.0_P_ZUI_11.1.093_ST_190725_qpst.zip"
"208","https://mirrors.lolinet.com/firmware/lenovo/l78032/L78032_CN_SECURE_USER_Q00145.1_Q_ZUI_11.5.223_ST_200401_qpst.zip"
"209","https://mirrors.lolinet.com/firmware/lenovo/l78032/L78032_CN_SECURE_USER_Q00675.02_P_ZUI_10.5.061_ST_190119_qpst.zip"
"210","https://mirrors.lolinet.com/firmware/lenovo/l78032/L78032_CN_SECURE_USER_Q00675.02_P_ZUI_10.5.078_ST_190126_qpst.zip"
"211","https://mirrors.lolinet.com/firmware/lenovo/l78032/L78032_CN_SECURE_USER_Q00745.01_P_ZUI_10.5.304_ST_190710_qpst.zip"
"212","https://mirrors.lolinet.com/firmware/lenovo/l78051/L78051_CN_SECURE_USER_Q00745.01_P_ZUI_11.0.483_ST_190511_qpst.zip"
"213","https://mirrors.lolinet.com/firmware/lenovo/l78051/L78051_CN_SECURE_USER_Q00745.01_P_ZUI_11.0.575_ST_190703_qpst.zip"
"214","https://mirrors.lolinet.com/firmware/lenovo/l78051/L78051_CN_SECURE_USER_Q00745.01_P_ZUI_11.1.105_ST_190910_qpst.zip"
"215","https://mirrors.lolinet.com/firmware/lenovo/l78051/L78051_ROW_SECURE_USER_Q00745.01_P_ROW_11.0.284_ST_190810_qpst.zip"
"216","https://mirrors.lolinet.com/firmware/lenovo/l78051/L78051_ROW_SECURE_USER_Q00745.01_P_ROW_11.0.350_ST_191018_qpst.zip"
"217","https://mirrors.lolinet.com/firmware/lenovo/l78051/L78051_ROW_SECURE_USER_Q00745.01_P_ROW_11.0.405_ST_191210_qpst.zip"
"218","https://mirrors.lolinet.com/firmware/lenovo/l78071/L78071_CN_SECURE_USER_Q00013.0_Q_ZUI_11.5.132_ST_200620_qpst.zip"
"219","https://mirrors.lolinet.com/firmware/lenovo/l78071/L78071_CN_SECURE_USER_Q00015.0_P_ZUI_10.5.222_ST_181213_qpst.zip"
"220","https://mirrors.lolinet.com/firmware/lenovo/l78071/L78071_CN_SECURE_USER_Q00015.0_P_ZUI_10.5.243_ST_181225_qpst.zip"
"221","https://mirrors.lolinet.com/firmware/lenovo/l78071/L78071_CN_SECURE_USER_Q00015.0_P_ZUI_10.5.331_ST_190314_qpst.zip"
"222","https://mirrors.lolinet.com/firmware/lenovo/l78071/L78071_CN_SECURE_USER_Q00024.0_P_ZUI_11.1.109_ST_190701_qpst.zip"
"223","https://mirrors.lolinet.com/firmware/lenovo/l78071/L78071_CN_SECURE_USER_Q00024.0_P_ZUI_11.1.171_ST_191023_qpst.zip"
"224","https://mirrors.lolinet.com/firmware/lenovo/l78121/L78121_CN_SECURE_USER_Q00025.0_P_ZUI_11.1.087_ST_190607_qpst.zip"
"225","https://mirrors.lolinet.com/firmware/lenovo/l78121/L78121_CN_SECURE_USER_Q00025.0_P_ZUI_11.1.238_ST_190912_qpst.zip"
"226","https://mirrors.lolinet.com/firmware/lenovo/l78121/L78121_CN_SECURE_USER_Q00025.0_P_ZUI_11.1.262_ST_191028_qpst.zip"
"227","https://mirrors.lolinet.com/firmware/lenovo/l79031/official/L79031_CN_SECURE_USER_Q00029.1_Q_ZUI_12.0.142_ST_200719_qpst.zip"
"228","https://mirrors.lolinet.com/firmware/lenovo/l79031/official/L79031_CN_SECURE_USER_Q00029.1_Q_ZUI_12.0.237_ST_200808_qpst.zip"
"229","https://mirrors.lolinet.com/firmware/lenovo/l79031/official/L79031_CN_SECURE_USER_Q00029.1_Q_ZUI_12.0.357_ST_201114_qpst.zip"
"230","https://mirrors.lolinet.com/firmware/lenovo/l79031/official/L79031_CN_SECURE_USER_Q00114.1a_Q_ROW_12.0.017_ST_201004_qpst.zip"
"231","https://mirrors.lolinet.com/firmware/lenovo/l79031/official/L79031_EE_SECURE_USER_Q00114.1a_Q_ROW_12.0.070_ST_200923_qpst.zip"
"232","https://mirrors.lolinet.com/firmware/lenovo/l79031/official/L79031_EE_SECURE_USER_Q00114.1a_Q_ROW_12.0.086_ST_201012_qpst.zip"
"233","https://mirrors.lolinet.com/firmware/lenovo/l79031/official/L79031_EE_SECURE_USER_Q00189.1_R_ROW_12.5.251_ST_210427_qpst.zip"
"234","https://mirrors.lolinet.com/firmware/lenovo/l79031/official/L79031_EE_SECURE_USER_Q00189.1_R_ROW_12.5.320_ST_210623_qpst.zip"
"235","https://mirrors.lolinet.com/firmware/lenovo/l79031/official/L79031_ROW_OPEN_USER_Q00114.1a_Q_ROW_12.0.099_ST_200721_qpst.zip"
"236","https://mirrors.lolinet.com/firmware/lenovo/l79031/official/L79031_ROW_SECURE_USER_Q00114.1a_Q_ROW_12.0.091_ST_200719_qpst.zip"
"237","https://mirrors.lolinet.com/firmware/lenovo/l79031/official/L79031_ROW_SECURE_USER_Q00114.1a_Q_ROW_12.0.151_ST_200826_qpst.zip"
"238","https://mirrors.lolinet.com/firmware/lenovo/l79031/official/L79031_ROW_SECURE_USER_Q00114.1a_Q_ROW_12.0.195_ST_200922_qpst.zip"
"239","https://mirrors.lolinet.com/firmware/lenovo/l79031/official/L79031_ROW_SECURE_USER_Q00114.1a_Q_ROW_12.0.201_ST_200929_qpst.zip"
"240","https://mirrors.lolinet.com/firmware/lenovo/l79031/official/L79031_ROW_SECURE_USER_Q00114.1a_Q_ROW_12.0.332_ST_210202_qpst.zip"
"241","https://mirrors.lolinet.com/firmware/lenovo/l79031/official/L79031_ROW_SECURE_USER_Q00189.1_R_ROW_12.5.338_ST_210629_qpst.zip"
"242","https://mirrors.lolinet.com/firmware/lenovo/l79031/official/L79031_SA_SECURE_USER_Q00114.1a_Q_ROW_12.0.087_ST_201210_qpst.zip"
"243","https://mirrors.lolinet.com/firmware/lenovo/l79031/official/L79031_SA_SECURE_USER_Q00189.1_R_ROW_12.5.338_ST_210630_qpst.zip"
"244","https://mirrors.lolinet.com/firmware/lenovo/l79031/official/L79031_SA_SECURE_USER_Q00189.1_R_ROW_12.5.408_ST_210727_qpst.zip"
"245","https://mirrors.lolinet.com/firmware/lenovo/l79041/L79041_CN_SECURE_USER_Q00076.2_P_ZUI_11.3.245_ST_191210_qpst.zip"
"246","https://mirrors.lolinet.com/firmware/lenovo/l79041/L79041_CN_SECURE_USER_Q00076.2_P_ZUI_11.3.363_ST_200411_qpst.zip"
"247","https://mirrors.lolinet.com/firmware/lenovo/LAVIE_T8/8HD1_S000009_210519_ROW.zip"
"248","https://mirrors.lolinet.com/firmware/lenovo/LAVIE_T8/8HD1_S000013_210728_ROW.zip"
"249","https://mirrors.lolinet.com/firmware/lenovo/manning/MANNING_RETAIL_OMB27.43-67_subsidy-UNLOCKED_CFC_SVC.xml.zip"
"250","https://mirrors.lolinet.com/firmware/lenovo/manning/MANNING_RETAIL_OMB27.43-70_subsidy-UNLOCKED_CFC_SVC.xml.zip"
"251","https://mirrors.lolinet.com/firmware/lenovo/manning/manning_retail_user_7.1.1_NMB26.54-35_35_release-keys_retail_US_SVC.zip"
"252","https://mirrors.lolinet.com/firmware/lenovo/manning/manning_retail_user_7.1.1_NMB26.54-94_105_release-keys_retail_US_SVC.zip"
"253","https://mirrors.lolinet.com/firmware/lenovo/marino/marino_oem_user_7.1.1_NMC26.64_64_release-keys_oem.zip"
"254","https://mirrors.lolinet.com/firmware/lenovo/marino/MARINO_OMC27.70-56_subsidy-UNLOCKED_model-INDIA3GB_CFC_SVC.xml.zip"
"255","https://mirrors.lolinet.com/firmware/lenovo/marino/MARINO_OMC27.70-56_subsidy-UNLOCKED_model-INDIA4GB_CFC_SVC.xml.zip"
"256","https://mirrors.lolinet.com/firmware/lenovo/NEC_Lavie_Tab_E/PC-TE410JAW/PC-TE410JAW_S230076_200312_ROW.zip"
"257","https://mirrors.lolinet.com/firmware/lenovo/NEC_Lavie_Tab_E/PC-TE508HAW/PC-TE508HAW_S000022_181022.zip"
"258","https://mirrors.lolinet.com/firmware/lenovo/NEC_Lavie_Tab_E/PC-TE510HAW/PC-TE510HAW_S000015_170911.zip"
"259","https://mirrors.lolinet.com/firmware/lenovo/NEC_Lavie_Tab_E8/LAVIETabE8FHD1_S110008_201225_BMP.zip"
"260","https://mirrors.lolinet.com/firmware/lenovo/NEC_Lavie_Tab_E8/LAVIETabE8HD1_S110007_201225_BMP.zip"
"261","https://mirrors.lolinet.com/firmware/lenovo/NEC_Lavie_Tab_E_10FHD1/10FHD1_S100012_210622_ROW.zip"
"262","https://mirrors.lolinet.com/firmware/lenovo/NEC_Lavie_Tab_E_7SD1/7SD1_S000005_210517_ROW.zip"
"263","https://mirrors.lolinet.com/firmware/lenovo/Tab_4_10/TB-8504F/TB-8504F_S140008_190215_UK.zip"
"264","https://mirrors.lolinet.com/firmware/lenovo/Tab_4_10/TB-8504F/TB-8504F_USR_S001019_1909091114_Q12000_ROW.zip"
"265","https://mirrors.lolinet.com/firmware/lenovo/Tab_4_10/TB-8504F/TB-8504F_USR_S120010_1901181601_Q12000_HFT.zip"
"266","https://mirrors.lolinet.com/firmware/lenovo/Tab_4_10/TB-8504F/TB-8504F_USR_S130004_1902221150_Q12000_SCP.zip"
"267","https://mirrors.lolinet.com/firmware/lenovo/Tab_4_10/TB-8504F/TB-8504F_USR_S140004_1807121212_Q12000_UK_GB.zip"
"268","https://mirrors.lolinet.com/firmware/lenovo/Tab_4_10/TB-8504X/TB-8504X_USR_S000011_1907100918_Q12000_ROW.zip"
"269","https://mirrors.lolinet.com/firmware/lenovo/Tab_4_10/TB-8504X/TB-8504X_USR_S001031_1912041525_Q12000_ROW.zip"
"270","https://mirrors.lolinet.com/firmware/lenovo/Tab_4_10/TB-X304F/TB-X304F_USR_S001016_1903291635_Q21000_ROW.zip"
"271","https://mirrors.lolinet.com/firmware/lenovo/Tab_4_10/TB-X304L/TB-X304L_USR_S001017_1907091740_Q21000_ROW.zip"
"272","https://mirrors.lolinet.com/firmware/lenovo/Tab_4_10/TB-X304X/TB-X304X_USR_S001015_1903291715_Q21000_ROW.zip"
"273","https://mirrors.lolinet.com/firmware/lenovo/Tab_4_10/TB-X704Y/TB-X704Y_S000020_171013_ROW.zip"
"274","https://mirrors.lolinet.com/firmware/lenovo/Tab_6/A101LV/A101LV_S000100_210729_Q6350_JP.zip"
"275","https://mirrors.lolinet.com/firmware/lenovo/Tab_7/TB-7504F/TB-7504F_S000035_191214_ROW_Secure.zip"
"276","https://mirrors.lolinet.com/firmware/lenovo/Tab_7/TB-7504X/TB-7504X_S000004_190828_GIL_Secure_India.zip"
"277","https://mirrors.lolinet.com/firmware/lenovo/Tab_7/TB-7504X/TB-7504X_S000005_190830_GIL.zip"
"278","https://mirrors.lolinet.com/firmware/lenovo/Tab_7/TB-7504X/TB-7504X_S000045_191017_ROW_Secure.zip"
"279","https://mirrors.lolinet.com/firmware/lenovo/Tab_7/TB-7504X/TB-7504X_S000046_191023_ROW_Secure.zip"
"280","https://mirrors.lolinet.com/firmware/lenovo/Tab_8/TB-8505F/TB-8505F_S100018_200424_YZ.zip"
"281","https://mirrors.lolinet.com/firmware/lenovo/Tab_8/TB-8505F/TB-8505F_S100026_210310_YZ.zip"
"282","https://mirrors.lolinet.com/firmware/lenovo/Tab_8/TB-8505F/TB-8505F_S100057_191010_BMP.7z"
"283","https://mirrors.lolinet.com/firmware/lenovo/Tab_8/TB-8505F/TB-8505F_S100133_200316_BMP.zip"
"284","https://mirrors.lolinet.com/firmware/lenovo/Tab_8/TB-8505F/TB-8505F_S100139_200629_BMP.zip"
"285","https://mirrors.lolinet.com/firmware/lenovo/Tab_8/TB-8505F/TB-8505F_S100145_200901_BMP.zip"
"286","https://mirrors.lolinet.com/firmware/lenovo/Tab_8/TB-8505F/TB-8505F_S300014_201015_BMP.zip"
"287","https://mirrors.lolinet.com/firmware/lenovo/Tab_8/TB-8505F/TB-8505F_S300034_201220_BMP.zip"
"288","https://mirrors.lolinet.com/firmware/lenovo/Tab_8/TB-8505F/TB-8505F_S300118_210306_BMP.zip"
"289","https://mirrors.lolinet.com/firmware/lenovo/Tab_8/TB-8505F/TB-8505F_S300208_210528_BMP.zip"
"290","https://mirrors.lolinet.com/firmware/lenovo/Tab_8/TB-8505F/TB-8505F_S300258_210713_BMP.zip"
"291","https://mirrors.lolinet.com/firmware/lenovo/Tab_8/TB-8505F/TB-8505F_S301002_210730_BMP.zip"
"292","https://mirrors.lolinet.com/firmware/lenovo/Tab_8/TB-8505F/TB-8505F_S320006_210111_BMP.zip"
"293","https://mirrors.lolinet.com/firmware/lenovo/Tab_8/TB-8505FS/TB-8505FS_S100128_200423_BMP.zip"
"294","https://mirrors.lolinet.com/firmware/lenovo/Tab_8/TB-8505FS/TB-8505FS_S100165_200629_BMP.zip"
"295","https://mirrors.lolinet.com/firmware/lenovo/Tab_8/TB-8505FS/TB-8505FS_S300025_201015_BMP.zip"
"296","https://mirrors.lolinet.com/firmware/lenovo/Tab_8/TB-8505FS/TB-8505FS_S300096_201220_BMP.zip"
"297","https://mirrors.lolinet.com/firmware/lenovo/Tab_8/TB-8505FS/TB-8505FS_S300177_210306_BMP.zip"
"298","https://mirrors.lolinet.com/firmware/lenovo/Tab_8/TB-8505FS/TB-8505FS_S300268_210528_BMP.zip"
"299","https://mirrors.lolinet.com/firmware/lenovo/Tab_8/TB-8505FS/TB-8505FS_S300319_210713_BMP.zip"
"300","https://mirrors.lolinet.com/firmware/lenovo/Tab_8/TB-8505FS/TB-8506FS_S000027_210820_ROW.zip"
"301","https://mirrors.lolinet.com/firmware/lenovo/Tab_8/TB-8505X/TB-8505X_S100055_200323_BMP.zip"
"302","https://mirrors.lolinet.com/firmware/lenovo/Tab_8/TB-8505X/TB-8505X_S100064_200901_BMP.zip"
"303","https://mirrors.lolinet.com/firmware/lenovo/Tab_8/TB-8505X/TB-8505X_S100103_210127_BMP.zip"
"304","https://mirrors.lolinet.com/firmware/lenovo/Tab_8/TB-8505X/TB-8505X_S110040_210105_BMP.zip"
"305","https://mirrors.lolinet.com/firmware/lenovo/Tab_8/TB-8505X/TB-8505X_S300021_201015_BMP.zip"
"306","https://mirrors.lolinet.com/firmware/lenovo/Tab_8/TB-8505X/TB-8505X_S300091_201220_BMP.zip"
"307","https://mirrors.lolinet.com/firmware/lenovo/Tab_8/TB-8505X/TB-8505X_S300183_210316_BMP.zip"
"308","https://mirrors.lolinet.com/firmware/lenovo/Tab_8/TB-8505X/TB-8505X_S300262_210528_BMP.zip"
"309","https://mirrors.lolinet.com/firmware/lenovo/Tab_8/TB-8505X/TB-8505X_S300312_210713_BMP.zip"
"310","https://mirrors.lolinet.com/firmware/lenovo/Tab_8/TB-8505X/TB-8505X_S310003_210723_BMP.zip"
"311","https://mirrors.lolinet.com/firmware/lenovo/Tab_8/TB-8505X/TB-8505X_S320003_201029_BMP.zip"
"312","https://mirrors.lolinet.com/firmware/lenovo/Tab_8/TB-8505X/TB-8505X_S320017_210427_BMP.zip"
"313","https://mirrors.lolinet.com/firmware/lenovo/Tab_8/TB-8505XC/TB-8505XC_S100033_200716_BMP.zip"
"314","https://mirrors.lolinet.com/firmware/lenovo/Tab_8/TB-8505XC/TB-8505XC_S110139_201109_VZW.zip"
"315","https://mirrors.lolinet.com/firmware/lenovo/Tab_8/TB-8505XC/TB-8505XC_S210169_210527_VZW.zip"
"316","https://mirrors.lolinet.com/firmware/lenovo/Tab_8/TB-8505XS/TB-8505XS_S100084_200423_BMP.zip"
"317","https://mirrors.lolinet.com/firmware/lenovo/Tab_8/TB-8505XS/TB-8505XS_S100120_200706_BMP.zip"
"318","https://mirrors.lolinet.com/firmware/lenovo/Tab_8/TB-8505XS/TB-8505XS_S300018_201015_BMP.zip"
"319","https://mirrors.lolinet.com/firmware/lenovo/Tab_8/TB-8505XS/TB-8505XS_S300088_201220_BMP.zip"
"320","https://mirrors.lolinet.com/firmware/lenovo/Tab_8/TB-8505XS/TB-8505XS_S300167_210304_BMP.zip"
"321","https://mirrors.lolinet.com/firmware/lenovo/Tab_8/TB-8505XS/TB-8505XS_S300256_210528_BMP.zip"
"322","https://mirrors.lolinet.com/firmware/lenovo/Tab_8/TB-8505XS/TB-8505XS_S300306_210713_BMP.zip"
"323","https://mirrors.lolinet.com/firmware/lenovo/Tab_8_Plus/TB-8704V/TB-8704V_FRP.zip"
"324","https://mirrors.lolinet.com/firmware/lenovo/Tab_8_Plus/TB-8704V/TB-8704V_S000045_181122_ROW.zip"
"325","https://mirrors.lolinet.com/firmware/lenovo/Tab_8_Plus/TB-8704V/TB-8704V_USR_S001026_1906291850_Q1241_SVC.zip"
"326","https://mirrors.lolinet.com/firmware/lenovo/Tab_8_Plus/TB-8704X/TB-8704X_S001025_190606_ROW.zip"
"327","https://mirrors.lolinet.com/firmware/lenovo/Tab_E10/TB-X104F/TB-X104F_S000043_190828_ROW.zip"
"328","https://mirrors.lolinet.com/firmware/lenovo/Tab_E10/TB-X104F/TB-X104F_S000048_200328_ROW.zip"
"329","https://mirrors.lolinet.com/firmware/lenovo/Tab_E10/TB-X104F/TB-X104F_S000052_200805_ROW.zip"
"330","https://mirrors.lolinet.com/firmware/lenovo/Tab_E10/TB-X104F/TB-X104F_S100041_190830_ROW.zip"
"331","https://mirrors.lolinet.com/firmware/lenovo/Tab_E10/TB-X104F/TB-X104F_S100046_200318_ROW.zip"
"332","https://mirrors.lolinet.com/firmware/lenovo/Tab_E10/TB-X104F/TB-X104F_S100050_200813_ROW.zip"
"333","https://mirrors.lolinet.com/firmware/lenovo/Tab_E10/TB-X104F/TB-X104F_S110002_190514_OC.zip"
"334","https://mirrors.lolinet.com/firmware/lenovo/Tab_E10/TB-X104F1/TB-X104F1_S000015_191024_EEA.zip"
"335","https://mirrors.lolinet.com/firmware/lenovo/Tab_E10/TB-X104F1/TB-X104F1_S000017_191216_EEA.zip"
"336","https://mirrors.lolinet.com/firmware/lenovo/Tab_E10/TB-X104F1/TB-X104F1_S000018_190930_ROW.zip"
"337","https://mirrors.lolinet.com/firmware/lenovo/Tab_E10/TB-X104F1/TB-X104F1_S000019_200313_EEA.zip"
"338","https://mirrors.lolinet.com/firmware/lenovo/Tab_E10/TB-X104F1/TB-X104F1_S000020_191216_ROW.zip"
"339","https://mirrors.lolinet.com/firmware/lenovo/Tab_E10/TB-X104F1/TB-X104F1_S000020_200623_EEA.zip"
"340","https://mirrors.lolinet.com/firmware/lenovo/Tab_E10/TB-X104F1/TB-X104F1_S000021_200227_ROW.zip"
"341","https://mirrors.lolinet.com/firmware/lenovo/Tab_E10/TB-X104F1/TB-X104F1_S000022_200604_ROW.zip"
"342","https://mirrors.lolinet.com/firmware/lenovo/Tab_E10/TB-X104L/TB-X104L_S000024_190902_EEA.zip"
"343","https://mirrors.lolinet.com/firmware/lenovo/Tab_E10/TB-X104L/TB-X104L_S000029_200331_EEA.zip"
"344","https://mirrors.lolinet.com/firmware/lenovo/Tab_E10/TB-X104L/TB-X104L_S000030_190902_ROW.zip"
"345","https://mirrors.lolinet.com/firmware/lenovo/Tab_E10/TB-X104L/TB-X104L_S000033_200320_ROW.zip"
"346","https://mirrors.lolinet.com/firmware/lenovo/Tab_E10/TB-X104L/TB-X104L_S000034_200426_ROW.zip"
"347","https://mirrors.lolinet.com/firmware/lenovo/Tab_E10/TB-X104L/TB-X104L_USR_S000028_2001151407_Q00039_EEA.zip"
"348","https://mirrors.lolinet.com/firmware/lenovo/Tab_E10/TB-X104L/TB-X104L_USR_S000032_1912271409_Q00039_ROW.zip"
"349","https://mirrors.lolinet.com/firmware/lenovo/Tab_E10/TB-X104X/TB-X104X_S000025_200228_ROW.zip"
"350","https://mirrors.lolinet.com/firmware/lenovo/Tab_E10/TB-X104X/TB-X104X_S000026_200604_ROW.zip"
"351","https://mirrors.lolinet.com/firmware/lenovo/Tab_E10/TB-X104X/TB-X104X_USR_S000022_1910121250_Q00039_ROW.zip"
"352","https://mirrors.lolinet.com/firmware/lenovo/Tab_E10/TB-X104X/TB-X104X_USR_S000024_1912181056_Q00039_ROW.zip"
"353","https://mirrors.lolinet.com/firmware/lenovo/Tab_E8/TB-8304F/TB-8304F_USR_S000030_190227_MP102V2.10.1_16G_ROW.zip"
"354","https://mirrors.lolinet.com/firmware/lenovo/Tab_E8/TB-8304F1/TB-8304F1_S100025_200227_ROW.zip"
"355","https://mirrors.lolinet.com/firmware/lenovo/Tab_E8/TB-8304F1/TB-8304F1_S200019_200416_ROW.zip"
"356","https://mirrors.lolinet.com/firmware/lenovo/Tab_K10/TB-X6C6F/TB-X6C6F_S000043_210430_ROW.zip"
"357","https://mirrors.lolinet.com/firmware/lenovo/Tab_K10/TB-X6C6F/TB-X6C6F_S000043_210430_ROW_SVC.zip"
"358","https://mirrors.lolinet.com/firmware/lenovo/Tab_K10/TB-X6C6F/TB-X6C6F_S000046_210521_ROW.zip"
"359","https://mirrors.lolinet.com/firmware/lenovo/Tab_K10/TB-X6C6F/TB-X6C6F_S000067_210817_ROW.zip"
"360","https://mirrors.lolinet.com/firmware/lenovo/Tab_K10/TB-X6C6L/TB-X6C6L_S000047_210531_ROW.zip"
"361","https://mirrors.lolinet.com/firmware/lenovo/Tab_K10/TB-X6C6X/TB-X6C6X_S000045_210511_ROW.zip"
"362","https://mirrors.lolinet.com/firmware/lenovo/Tab_K10/TB-X6C6X/TB-X6C6X_S000048_210521_ROW.zip"
"363","https://mirrors.lolinet.com/firmware/lenovo/Tab_M10/TB-X605F/TB-X605F_S210175_200327_ROW.zip"
"364","https://mirrors.lolinet.com/firmware/lenovo/Tab_M10/TB-X605F/TB-X605F_S210208_200807_ROW.zip"
"365","https://mirrors.lolinet.com/firmware/lenovo/Tab_M10/TB-X605F/TB-X605F_S210224_201119_ROW.zip"
"366","https://mirrors.lolinet.com/firmware/lenovo/Tab_M10/TB-X605F/TB-X605F_USR_S210126_1910290024_Q00332_ROW.zip"
"367","https://mirrors.lolinet.com/firmware/lenovo/Tab_M10/TB-X605F/TB-X605F_USR_S210152_2001200925_Q00332_ROW.zip"
"368","https://mirrors.lolinet.com/firmware/lenovo/Tab_M10/TB-X605L/TB-X605L_S210224_200910_ROW.zip"
"369","https://mirrors.lolinet.com/firmware/lenovo/Tab_M10/TB-X605L/TB-X605L_USR_S210124_1910290005_Q00332_ROW.zip"
"370","https://mirrors.lolinet.com/firmware/lenovo/Tab_M10/TB-X605L/TB-X605L_USR_S210156_2002120700_Q00332_ROW.zip"
"371","https://mirrors.lolinet.com/firmware/lenovo/Tab_M10_FHD_Plus_2nd_Gen/TB-X606F/TB-X606F_S000009_210526_BMP.zip"
"372","https://mirrors.lolinet.com/firmware/lenovo/Tab_M10_FHD_Plus_2nd_Gen/TB-X606F/TB-X606F_S100015_191127_BMP.zip"
"373","https://mirrors.lolinet.com/firmware/lenovo/Tab_M10_FHD_Plus_2nd_Gen/TB-X606F/TB-X606F_S300007_200923_BMP.zip"
"374","https://mirrors.lolinet.com/firmware/lenovo/Tab_M10_FHD_Plus_2nd_Gen/TB-X606F/TB-X606F_S300091_201215_BMP.zip"
"375","https://mirrors.lolinet.com/firmware/lenovo/Tab_M10_FHD_Plus_2nd_Gen/TB-X606F/TB-X606F_S300130_210122_BMP.zip"
"376","https://mirrors.lolinet.com/firmware/lenovo/Tab_M10_FHD_Plus_2nd_Gen/TB-X606F/TB-X606F_S300177_210304_BMP.zip"
"377","https://mirrors.lolinet.com/firmware/lenovo/Tab_M10_FHD_Plus_2nd_Gen/TB-X606F/TB-X606F_S300249_210508_BMP.zip"
"378","https://mirrors.lolinet.com/firmware/lenovo/Tab_M10_FHD_Plus_2nd_Gen/TB-X606F/TB-X606F_S300320_210716_BMP.zip"
"379","https://mirrors.lolinet.com/firmware/lenovo/Tab_M10_FHD_Plus_2nd_Gen/TB-X606F/TB-X606F_USR_S100168_200828_BMP.zip"
"380","https://mirrors.lolinet.com/firmware/lenovo/Tab_M10_FHD_Plus_2nd_Gen/TB-X606FA/TB-X606FA_S300040_201028_BMP.zip"
"381","https://mirrors.lolinet.com/firmware/lenovo/Tab_M10_FHD_Plus_2nd_Gen/TB-X606FA/TB-X606FA_S300200_210331_BMP.zip"
"382","https://mirrors.lolinet.com/firmware/lenovo/Tab_M10_FHD_Plus_2nd_Gen/TB-X606FA/TB-X606FA_S300269_210602_BMP.zip"
"383","https://mirrors.lolinet.com/firmware/lenovo/Tab_M10_FHD_Plus_2nd_Gen/TB-X606FA/TB-X606FA_S310007_210525_ITLT.zip"
"384","https://mirrors.lolinet.com/firmware/lenovo/Tab_M10_FHD_Plus_2nd_Gen/TB-X606V/TB-X606V_S100109_200627_BMP.zip"
"385","https://mirrors.lolinet.com/firmware/lenovo/Tab_M10_FHD_Plus_2nd_Gen/TB-X606V/TB-X606V_S100171_200828_BMP.zip"
"386","https://mirrors.lolinet.com/firmware/lenovo/Tab_M10_FHD_Plus_2nd_Gen/TB-X606V/TB-X606V_S300010_200926_BMP.zip"
"387","https://mirrors.lolinet.com/firmware/lenovo/Tab_M10_FHD_Plus_2nd_Gen/TB-X606V/TB-X606V_S300112_210110_BMP.zip"
"388","https://mirrors.lolinet.com/firmware/lenovo/Tab_M10_FHD_Plus_2nd_Gen/TB-X606V/TB-X606V_S300181_210318_BMP.zip"
"389","https://mirrors.lolinet.com/firmware/lenovo/Tab_M10_FHD_Plus_2nd_Gen/TB-X606V/TB-X606V_S300255_210527_BMP.zip"
"390","https://mirrors.lolinet.com/firmware/lenovo/Tab_M10_FHD_Plus_2nd_Gen/TB-X606V/TB-X606V_S300312_210721_BMP.zip"
"391","https://mirrors.lolinet.com/firmware/lenovo/Tab_M10_FHD_Plus_2nd_Gen/TB-X606X/TB-X606X_S100109_200412_BMP.zip"
"392","https://mirrors.lolinet.com/firmware/lenovo/Tab_M10_FHD_Plus_2nd_Gen/TB-X606X/TB-X606X_S100253_200903_BMP.zip"
"393","https://mirrors.lolinet.com/firmware/lenovo/Tab_M10_FHD_Plus_2nd_Gen/TB-X606X/TB-X606X_S300007_200923_BMP.zip"
"394","https://mirrors.lolinet.com/firmware/lenovo/Tab_M10_FHD_Plus_2nd_Gen/TB-X606X/TB-X606X_S300114_210110_BMP.zip"
"395","https://mirrors.lolinet.com/firmware/lenovo/Tab_M10_FHD_Plus_2nd_Gen/TB-X606X/TB-X606X_S300175_210305_BMP.zip"
"396","https://mirrors.lolinet.com/firmware/lenovo/Tab_M10_FHD_Plus_2nd_Gen/TB-X606X/TB-X606X_S300205_210401_BMP.zip"
"397","https://mirrors.lolinet.com/firmware/lenovo/Tab_M10_FHD_Plus_2nd_Gen/TB-X606X/TB-X606X_S300249_210508_BMP.zip"
"398","https://mirrors.lolinet.com/firmware/lenovo/Tab_M10_FHD_Plus_2nd_Gen/TB-X606X/TB-X606X_S300326_210720_BMP.zip"
"399","https://mirrors.lolinet.com/firmware/lenovo/Tab_M10_FHD_Plus_2nd_Gen/TB-X606XA/TB-X606FA_S300320_210721_BMP.zip"
"400","https://mirrors.lolinet.com/firmware/lenovo/Tab_M10_FHD_Plus_2nd_Gen/TB-X606XA/TB-X606XA_S300040_201028_BMP.zip"
"401","https://mirrors.lolinet.com/firmware/lenovo/Tab_M10_FHD_Plus_2nd_Gen/TB-X606XA/TB-X606XA_S300207_210331_BMP.zip"
"402","https://mirrors.lolinet.com/firmware/lenovo/Tab_M10_FHD_Plus_2nd_Gen/TB-X606XA/TB-X606XA_S300279_210602_BMP.zip"
"403","https://mirrors.lolinet.com/firmware/lenovo/Tab_M10_FHD_Plus_2nd_Gen/TB-X606XA/TB-X606XA_S300329_210721_BMP.zip"
"404","https://mirrors.lolinet.com/firmware/lenovo/Tab_M10_FHD_Rel/801LV/801LV_S000079_200825.zip"
"405","https://mirrors.lolinet.com/firmware/lenovo/Tab_M10_FHD_Rel/801LV/801LV_S000081_210108.zip"
"406","https://mirrors.lolinet.com/firmware/lenovo/Tab_M10_FHD_Rel/801LV/801LV_S000082_210219.zip"
"407","https://mirrors.lolinet.com/firmware/lenovo/Tab_M10_FHD_Rel/801LV/801LV_S000084_210524.zip"
"408","https://mirrors.lolinet.com/firmware/lenovo/Tab_M10_FHD_Rel/801LV/801LV_S000085_210723.zip"
"409","https://mirrors.lolinet.com/firmware/lenovo/Tab_M10_FHD_Rel/801LV/801LV_USER_S000071_1912131826_Q00014_JP.zip"
"410","https://mirrors.lolinet.com/firmware/lenovo/Tab_M10_FHD_Rel/TB-X605FC/TB-X605FC_S100021_200813_ROW.zip"
"411","https://mirrors.lolinet.com/firmware/lenovo/Tab_M10_FHD_Rel/TB-X605FC/TB-X605FC_S100027_201006_ROW.zip"
"412","https://mirrors.lolinet.com/firmware/lenovo/Tab_M10_FHD_Rel/TB-X605FC/TB-X605FC_S100028_201029_ROW.zip"
"413","https://mirrors.lolinet.com/firmware/lenovo/Tab_M10_FHD_Rel/TB-X605FC/TB-X605FC_S100031_201120_ROW.zip"
"414","https://mirrors.lolinet.com/firmware/lenovo/Tab_M10_FHD_Rel/TB-X605FC/TB-X605FC_S100035_210306_ROW.zip"
"415","https://mirrors.lolinet.com/firmware/lenovo/Tab_M10_FHD_Rel/TB-X605FC/TB-X605FC_S100036_210416_ROW.zip"
"416","https://mirrors.lolinet.com/firmware/lenovo/Tab_M10_FHD_Rel/TB-X605FC/TB-X605FC_S100038_210722_ROW.zip"
"417","https://mirrors.lolinet.com/firmware/lenovo/Tab_M10_FHD_Rel/TB-X605FC/TB-X605FC_S110013_200629_YZR.zip"
"418","https://mirrors.lolinet.com/firmware/lenovo/Tab_M10_FHD_Rel/TB-X605LC/TB-X605LC_S000092_201021_IN.zip"
"419","https://mirrors.lolinet.com/firmware/lenovo/Tab_M10_FHD_Rel/TB-X605LC/TB-X605LC_S100021_200813_ROW.zip"
"420","https://mirrors.lolinet.com/firmware/lenovo/Tab_M10_FHD_Rel/TB-X605LC/TB-X605LC_S100026_200926_ROW.zip"
"421","https://mirrors.lolinet.com/firmware/lenovo/Tab_M10_FHD_Rel/TB-X605LC/TB-X605LC_S100029_201103_ROW.zip"
"422","https://mirrors.lolinet.com/firmware/lenovo/Tab_M10_FHD_Rel/TB-X605LC/TB-X605LC_S100031_201120_ROW.zip"
"423","https://mirrors.lolinet.com/firmware/lenovo/Tab_M10_FHD_Rel/TB-X605LC/TB-X605LC_S100035_210306_ROW.zip"
"424","https://mirrors.lolinet.com/firmware/lenovo/Tab_M10_FHD_Rel/TB-X605LC/TB-X605LC_S100036_210416_ROW.zip"
"425","https://mirrors.lolinet.com/firmware/lenovo/Tab_M10_FHD_Rel/TB-X605LC/TB-X605LC_S100038_210722_ROW.zip"
"426","https://mirrors.lolinet.com/firmware/lenovo/Tab_M10_HD/TB-X505F/TB-X505F_S001040_200612_ROW.zip"
"427","https://mirrors.lolinet.com/firmware/lenovo/Tab_M10_HD/TB-X505F/TB-X505F_S001041_200718_ROW.zip"
"428","https://mirrors.lolinet.com/firmware/lenovo/Tab_M10_HD/TB-X505F/TB-X505F_S001042_200819_ROW.zip"
"429","https://mirrors.lolinet.com/firmware/lenovo/Tab_M10_HD/TB-X505F/TB-X505F_S001127_201104_ROW.zip"
"430","https://mirrors.lolinet.com/firmware/lenovo/Tab_M10_HD/TB-X505F/TB-X505F_S001130_201229_ROW.zip"
"431","https://mirrors.lolinet.com/firmware/lenovo/Tab_M10_HD/TB-X505F/TB-X505F_S001135_210304_ROW.zip"
"432","https://mirrors.lolinet.com/firmware/lenovo/Tab_M10_HD/TB-X505F/TB-X505F_S001137_210505_ROW.zip"
"433","https://mirrors.lolinet.com/firmware/lenovo/Tab_M10_HD/TB-X505F/TB-X505F_S001142_210804_ROW.zip"
"434","https://mirrors.lolinet.com/firmware/lenovo/Tab_M10_HD/TB-X505L/TB-X505L_S001028_200718_ROW.zip"
"435","https://mirrors.lolinet.com/firmware/lenovo/Tab_M10_HD/TB-X505L/TB-X505L_S001029_200819_ROW.zip"
"436","https://mirrors.lolinet.com/firmware/lenovo/Tab_M10_HD/TB-X505L/TB-X505L_S001127_201104_ROW.zip"
"437","https://mirrors.lolinet.com/firmware/lenovo/Tab_M10_HD/TB-X505L/TB-X505L_S001130_201229_ROW.zip"
"438","https://mirrors.lolinet.com/firmware/lenovo/Tab_M10_HD/TB-X505L/TB-X505L_S001135_210304_ROW.zip"
"439","https://mirrors.lolinet.com/firmware/lenovo/Tab_M10_HD/TB-X505L/TB-X505L_S001137_210505_ROW.zip"
"440","https://mirrors.lolinet.com/firmware/lenovo/Tab_M10_HD/TB-X505L/TB-X505L_S001142_210804_ROW.zip"
"441","https://mirrors.lolinet.com/firmware/lenovo/Tab_M10_HD/TB-X505X/TB-X505X_S001037_200718_ROW.zip"
"442","https://mirrors.lolinet.com/firmware/lenovo/Tab_M10_HD/TB-X505X/TB-X505X_S001038_200819_ROW.zip"
"443","https://mirrors.lolinet.com/firmware/lenovo/Tab_M10_HD/TB-X505X/TB-X505X_S001129_201223_ROW.zip"
"444","https://mirrors.lolinet.com/firmware/lenovo/Tab_M10_HD/TB-X505X/TB-X505X_S001135_210305_ROW.zip"
"445","https://mirrors.lolinet.com/firmware/lenovo/Tab_M10_HD/TB-X505X/TB-X505X_S001137_210505_ROW.zip"
"446","https://mirrors.lolinet.com/firmware/lenovo/Tab_M10_HD/TB-X505X/TB-X505X_S001142_210804_ROW.zip"
"447","https://mirrors.lolinet.com/firmware/lenovo/Tab_M10_HD/TB-X505X/TB-X505X_USR_S001032_1912241343_Q00015_ROW.zip"
"448","https://mirrors.lolinet.com/firmware/lenovo/Tab_M10_HD/TB-X505X/TB-X505X_USR_S001033_2003030144_Q00015_ROW.zip"
"449","https://mirrors.lolinet.com/firmware/lenovo/Tab_M10_HD_2nd_Gen/TB-X306V/TB-X306V_S110002_210208_BMP.zip"
"450","https://mirrors.lolinet.com/firmware/lenovo/Tab_M10_HD_2nd_Gen/TB-X306V/TB-X306V_S230007_210622_BMP.zip"
"451","https://mirrors.lolinet.com/firmware/lenovo/Tab_M10_Plus/TB-X306F/TB-X306F_S100004_200615_BMP.zip"
"452","https://mirrors.lolinet.com/firmware/lenovo/Tab_M10_Plus/TB-X306F/TB-X306F_S100008_200618_BMP.zip"
"453","https://mirrors.lolinet.com/firmware/lenovo/Tab_M10_Plus/TB-X306F/TB-X306F_S100037_200819_BMP.zip"
"454","https://mirrors.lolinet.com/firmware/lenovo/Tab_M10_Plus/TB-X306F/TB-X306F_S100076_200926_BMP.zip"
"455","https://mirrors.lolinet.com/firmware/lenovo/Tab_M10_Plus/TB-X306F/TB-X306F_S100134_210120_BMP.zip"
"456","https://mirrors.lolinet.com/firmware/lenovo/Tab_M10_Plus/TB-X306F/TB-X306F_S100152_210205_BMP.zip"
"457","https://mirrors.lolinet.com/firmware/lenovo/Tab_M10_Plus/TB-X306F/TB-X306F_S110054_210205_BMP.zip"
"458","https://mirrors.lolinet.com/firmware/lenovo/Tab_M10_Plus/TB-X306F/TB-X306F_S220039_210611_BMP.zip"
"459","https://mirrors.lolinet.com/firmware/lenovo/Tab_M10_Plus/TB-X306F/TB-X306F_S230032_210907_BMP.zip"
"460","https://mirrors.lolinet.com/firmware/lenovo/Tab_M10_Plus/TB-X306FA/TB-X306FA_S100017_201027_BMP.zip"
"461","https://mirrors.lolinet.com/firmware/lenovo/Tab_M10_Plus/TB-X306FA/TB-X306FA_S100098_210113_BMP.zip"
"462","https://mirrors.lolinet.com/firmware/lenovo/Tab_M10_Plus/TB-X306FA/TB-X306FA_S110001_210224_BMP.zip"
"463","https://mirrors.lolinet.com/firmware/lenovo/Tab_M10_Plus/TB-X306X/TB-X306X_S100019_200813_BMP.zip"
"464","https://mirrors.lolinet.com/firmware/lenovo/Tab_M10_Plus/TB-X306X/TB-X306X_S100057_200926_BMP.zip"
"465","https://mirrors.lolinet.com/firmware/lenovo/Tab_M10_Plus/TB-X306X/TB-X306X_S100115_210120_BMP.zip"
"466","https://mirrors.lolinet.com/firmware/lenovo/Tab_M10_Plus/TB-X306X/TB-X306X_S100115_210120_BMP_SVC.zip"
"467","https://mirrors.lolinet.com/firmware/lenovo/Tab_M10_Plus/TB-X306X/TB-X306X_S100136_210205_BMP.zip"
"468","https://mirrors.lolinet.com/firmware/lenovo/Tab_M10_Plus/TB-X306X/TB-X306X_S100184_210325_BMP.zip"
"469","https://mirrors.lolinet.com/firmware/lenovo/Tab_M10_Plus/TB-X306X/TB-X306X_S220082_210721_BMP.zip"
"470","https://mirrors.lolinet.com/firmware/lenovo/Tab_M10_Plus/TB-X306XA/TB-X306FA_S100098_210113_BMP_SVC.zip"
"471","https://mirrors.lolinet.com/firmware/lenovo/Tab_M10_Plus/TB-X306XA/TB-X306XA_S100016_201027_BMP.zip"
"472","https://mirrors.lolinet.com/firmware/lenovo/Tab_M10_Plus/TB-X306XA/TB-X306XA_S100044_201209_BMP.zip"
"473","https://mirrors.lolinet.com/firmware/lenovo/Tab_M10_Plus/TB-X306XA/TB-X306XA_S110001_210224_BMP.zip"
"474","https://mirrors.lolinet.com/firmware/lenovo/Tab_M7/TB-7305F/TB-7305F_S000022_190909_ROW.zip"
"475","https://mirrors.lolinet.com/firmware/lenovo/Tab_M7/TB-7305F/TB-7305F_S000076_200429_ROW.zip"
"476","https://mirrors.lolinet.com/firmware/lenovo/Tab_M7/TB-7305F/TB-7305F_S000083_200703_ROW.zip"
"477","https://mirrors.lolinet.com/firmware/lenovo/Tab_M7/TB-7305F/TB-7305F_S000088_200903_ROW.zip"
"478","https://mirrors.lolinet.com/firmware/lenovo/Tab_M7/TB-7305F/TB-7305F_S000091_201104_ROW.zip"
"479","https://mirrors.lolinet.com/firmware/lenovo/Tab_M7/TB-7305F/TB-7305F_S000092_210108_ROW.zip"
"480","https://mirrors.lolinet.com/firmware/lenovo/Tab_M7/TB-7305F/TB-7305F_S000094_210309_ROW.zip"
"481","https://mirrors.lolinet.com/firmware/lenovo/Tab_M7/TB-7305F/TB-7305F_S000096_210428_ROW.zip"
"482","https://mirrors.lolinet.com/firmware/lenovo/Tab_M7/TB-7305F/TB-7305F_S000102_210705_ROW.zip"
"483","https://mirrors.lolinet.com/firmware/lenovo/Tab_M7/TB-7305F/TB-7305F_S100035_190904_ROW.zip"
"484","https://mirrors.lolinet.com/firmware/lenovo/Tab_M7/TB-7305F/TB-7305F_S100043_200223_ROW.zip"
"485","https://mirrors.lolinet.com/firmware/lenovo/Tab_M7/TB-7305F/TB-7305F_S100055_200703_ROW.zip"
"486","https://mirrors.lolinet.com/firmware/lenovo/Tab_M7/TB-7305F/TB-7305F_S100070_200909_ROW.zip"
"487","https://mirrors.lolinet.com/firmware/lenovo/Tab_M7/TB-7305F/TB-7305F_S100076_201116_ROW.zip"
"488","https://mirrors.lolinet.com/firmware/lenovo/Tab_M7/TB-7305F/TB-7305F_S100080_210107_ROW.zip"
"489","https://mirrors.lolinet.com/firmware/lenovo/Tab_M7/TB-7305F/TB-7305F_S100083_210309_ROW.zip"
"490","https://mirrors.lolinet.com/firmware/lenovo/Tab_M7/TB-7305F/TB-7305F_S100085_210510_ROW.zip"
"491","https://mirrors.lolinet.com/firmware/lenovo/Tab_M7/TB-7305F/TB-7305F_S100088_210705_ROW.zip"
"492","https://mirrors.lolinet.com/firmware/lenovo/Tab_M7/TB-7305I/TB-7305I_S100037_190911_ROW.zip"
"493","https://mirrors.lolinet.com/firmware/lenovo/Tab_M7/TB-7305I/TB-7305I_S100040_200109_ROW.zip"
"494","https://mirrors.lolinet.com/firmware/lenovo/Tab_M7/TB-7305I/TB-7305I_S100052_200619_ROW.zip"
"495","https://mirrors.lolinet.com/firmware/lenovo/Tab_M7/TB-7305I/TB-7305I_S100060_200827_ROW.zip"
"496","https://mirrors.lolinet.com/firmware/lenovo/Tab_M7/TB-7305I/TB-7305I_S100067_201105_ROW.zip"
"497","https://mirrors.lolinet.com/firmware/lenovo/Tab_M7/TB-7305I/TB-7305I_S100072_210105_ROW.zip"
"498","https://mirrors.lolinet.com/firmware/lenovo/Tab_M7/TB-7305I/TB-7305I_S100078_210308_ROW.zip"
"499","https://mirrors.lolinet.com/firmware/lenovo/Tab_M7/TB-7305I/TB-7305I_S100081_210427_ROW.zip"
"500","https://mirrors.lolinet.com/firmware/lenovo/Tab_M7/TB-7305I/TB-7305I_S100086_210701_ROW.zip"
"501","https://mirrors.lolinet.com/firmware/lenovo/Tab_M7/TB-7305X/TB-7305X_S000030_190920_ROW.zip"
"502","https://mirrors.lolinet.com/firmware/lenovo/Tab_M7/TB-7305X/TB-7305X_S000031_191106_ROW.zip"
"503","https://mirrors.lolinet.com/firmware/lenovo/Tab_M7/TB-7305X/TB-7305X_S000045_200310_ROW.zip"
"504","https://mirrors.lolinet.com/firmware/lenovo/Tab_M7/TB-7305X/TB-7305X_S000061_200429_ROW.zip"
"505","https://mirrors.lolinet.com/firmware/lenovo/Tab_M7/TB-7305X/TB-7305X_S000078_200805_ROW.zip"
"506","https://mirrors.lolinet.com/firmware/lenovo/Tab_M7/TB-7305X/TB-7305X_S000082_200927_ROW.zip"
"507","https://mirrors.lolinet.com/firmware/lenovo/Tab_M7/TB-7305X/TB-7305X_S000084_201207_ROW.zip"
"508","https://mirrors.lolinet.com/firmware/lenovo/Tab_M7/TB-7305X/TB-7305X_S000091_210205_ROW.zip"
"509","https://mirrors.lolinet.com/firmware/lenovo/Tab_M7/TB-7305X/TB-7305X_S000098_210302_ROW.zip"
"510","https://mirrors.lolinet.com/firmware/lenovo/Tab_M7/TB-7305X/TB-7305X_S000105_210407_ROW.zip"
"511","https://mirrors.lolinet.com/firmware/lenovo/Tab_M7/TB-7305X/TB-7305X_S000107_210526_ROW.zip"
"512","https://mirrors.lolinet.com/firmware/lenovo/Tab_M7/TB-7305X/TB-7305X_S000109_210727_ROW.zip"
"513","https://mirrors.lolinet.com/firmware/lenovo/Tab_M7/TB-7305X/TB-7305X_S000112_210825_ROW.zip"
"514","https://mirrors.lolinet.com/firmware/lenovo/Tab_M7/TB-7305X/TB-7305X_S100030_190829_ROW.zip"
"515","https://mirrors.lolinet.com/firmware/lenovo/Tab_M7/TB-7305X/TB-7305X_S100043_200224_ROW.zip"
"516","https://mirrors.lolinet.com/firmware/lenovo/Tab_M7/TB-7305X/TB-7305X_S100071_200805_ROW.zip"
"517","https://mirrors.lolinet.com/firmware/lenovo/Tab_M7/TB-7305X/TB-7305X_S100081_200924_ROW.zip"
"518","https://mirrors.lolinet.com/firmware/lenovo/Tab_M7/TB-7305X/TB-7305X_S100083_201130_ROW.zip"
"519","https://mirrors.lolinet.com/firmware/lenovo/Tab_M7/TB-7305X/TB-7305X_S100085_210129_ROW.zip"
"520","https://mirrors.lolinet.com/firmware/lenovo/Tab_M7/TB-7305X/TB-7305X_S100091_210416_ROW.zip"
"521","https://mirrors.lolinet.com/firmware/lenovo/Tab_M7/TB-7305X/TB-7305X_S100093_210526_ROW.zip"
"522","https://mirrors.lolinet.com/firmware/lenovo/Tab_M7/TB-7305X/TB-7305X_S100095_210727_ROW.zip"
"523","https://mirrors.lolinet.com/firmware/lenovo/Tab_M8_3rd_Gen/TB-7306F/TB-7306F_S000022_210301_ROW.zip"
"524","https://mirrors.lolinet.com/firmware/lenovo/Tab_M8_3rd_Gen/TB-7306F/TB-7306F_S000026_210418_ROW.zip"
"525","https://mirrors.lolinet.com/firmware/lenovo/Tab_M8_3rd_Gen/TB-7306F/TB-7306F_S000029_210517_ROW.zip"
"526","https://mirrors.lolinet.com/firmware/lenovo/Tab_M8_3rd_Gen/TB-7306F/TB-7306F_S000031_210603_ROW.zip"
"527","https://mirrors.lolinet.com/firmware/lenovo/Tab_M8_3rd_Gen/TB-7306F/TB-7306F_S000033_210628_ROW.zip"
"528","https://mirrors.lolinet.com/firmware/lenovo/Tab_M8_3rd_Gen/TB-7306X/TB-7306X_S000032_210402_ROW.zip"
"529","https://mirrors.lolinet.com/firmware/lenovo/Tab_M8_3rd_Gen/TB-7306X/TB-7306X_S000038_210522_ROW.zip"
"530","https://mirrors.lolinet.com/firmware/lenovo/Tab_M8_3rd_Gen/TB-7306X/TB-7306X_S000039_210607_ROW.zip"
"531","https://mirrors.lolinet.com/firmware/lenovo/Tab_M8_3rd_Gen/TB-7306X/TB-7306X_S000041_210628_ROW.zip"
"532","https://mirrors.lolinet.com/firmware/lenovo/Tab_M8_3rd_Gen/TB-8506F/TB-8506F_S000023_210528_ROW.zip"
"533","https://mirrors.lolinet.com/firmware/lenovo/Tab_M8_3rd_Gen/TB-8506F/TB-8506F_S000025_210626_ROW.zip"
"534","https://mirrors.lolinet.com/firmware/lenovo/Tab_M8_3rd_Gen/TB-8506F/TB-8506F_S000027_210630_ROW.zip"
"535","https://mirrors.lolinet.com/firmware/lenovo/Tab_M8_3rd_Gen/TB-8506F/TB-8506F_S000027_210728_ROW.zip"
"536","https://mirrors.lolinet.com/firmware/lenovo/Tab_M8_3rd_Gen/TB-8506FS/TB-8506FS_S000024_210528_ROW.zip"
"537","https://mirrors.lolinet.com/firmware/lenovo/Tab_M8_3rd_Gen/TB-8506X/TB-8506X_S000021_210519_ROW.zip"
"538","https://mirrors.lolinet.com/firmware/lenovo/Tab_M8_3rd_Gen/TB-8506X/TB-8506X_S000024_210728_ROW.zip"
"539","https://mirrors.lolinet.com/firmware/lenovo/Tab_M8_3rd_Gen/TB-8506X/TB-8506X_S000025_210810_ROW.zip"
"540","https://mirrors.lolinet.com/firmware/lenovo/Tab_M8_3rd_Gen/TB-8506X/TB-8506X_S000027_210730_ROW.zip"
"541","https://mirrors.lolinet.com/firmware/lenovo/Tab_M8_3rd_Gen/TB-8506XS/TB-8506XS_S000022_210519_ROW.zip"
"542","https://mirrors.lolinet.com/firmware/lenovo/Tab_M8_3rd_Gen/TB-8506XS/TB-8506XS_S000025_210730_ROW.zip"
